package_name,declared_requirement,version,dependency_type,parent_dependency,ecosystem,cve_id,severity,cvss_score,epss,kev,fixed_version,published,imported_in_files,import_count,max_criticality,reachability_score,criticality_score,severity_score,exploitability_score,final_risk_score,risk_category
requests,requests==2.31.0,2.31.0,direct,,PyPI,GHSA-652x-xj99-gmcc,Medium,,,False,,,"['auth.py', 'payments.py']",2.0,5.0,6,10,5.0,3.0,56.0,Medium
requests,requests==2.31.0,2.31.0,direct,,PyPI,GHSA-9wx4-h78v-vm56,Medium,,,False,,,"['auth.py', 'payments.py']",2.0,5.0,6,10,5.0,3.0,56.0,Medium
requests,requests==2.31.0,2.31.0,direct,,PyPI,GHSA-9hjg-9r4m-mvj7,Medium,,,False,,,"['auth.py', 'payments.py']",2.0,5.0,6,10,5.0,3.0,56.0,Medium
requests,requests==2.31.0,2.31.0,direct,,PyPI,PYSEC-2018-28,Medium,,,False,,,"['auth.py', 'payments.py']",2.0,5.0,6,10,5.0,3.0,56.0,Medium
requests,requests==2.31.0,2.31.0,direct,,PyPI,PYSEC-2015-17,Medium,,,False,,,"['auth.py', 'payments.py']",2.0,5.0,6,10,5.0,3.0,56.0,Medium
requests,requests==2.31.0,2.31.0,direct,,PyPI,PYSEC-2014-14,Medium,,,False,,,"['auth.py', 'payments.py']",2.0,5.0,6,10,5.0,3.0,56.0,Medium
requests,requests==2.31.0,2.31.0,direct,,PyPI,PYSEC-2014-13,Medium,,,False,,,"['auth.py', 'payments.py']",2.0,5.0,6,10,5.0,3.0,56.0,Medium
requests,requests==2.31.0,2.31.0,direct,,PyPI,GHSA-x84v-xcm2-53pg,Medium,,,False,,,"['auth.py', 'payments.py']",2.0,5.0,6,10,5.0,3.0,56.0,Medium
requests,requests==2.31.0,2.31.0,direct,,PyPI,GHSA-pg2w-x9wp-vw92,Medium,,,False,,,"['auth.py', 'payments.py']",2.0,5.0,6,10,5.0,3.0,56.0,Medium
requests,requests==2.31.0,2.31.0,direct,,PyPI,GHSA-j8r2-6x86-q33q,Medium,,,False,,,"['auth.py', 'payments.py']",2.0,5.0,6,10,5.0,3.0,56.0,Medium
requests,requests==2.31.0,2.31.0,direct,,PyPI,GHSA-cfj3-7x9c-4p3h,Medium,,,False,,,"['auth.py', 'payments.py']",2.0,5.0,6,10,5.0,3.0,56.0,Medium
requests,requests==2.31.0,2.31.0,direct,,PyPI,PYSEC-2023-74,Medium,,,False,,,"['auth.py', 'payments.py']",2.0,5.0,6,10,5.0,3.0,56.0,Medium
flask,Flask==2.2.5,2.2.5,direct,,PyPI,GHSA-m2qf-hxjv-5gpq,Medium,,,False,,,['app.py'],1.0,5.0,4,10,5.0,3.0,51.0,Medium
flask,Flask==2.2.5,2.2.5,direct,,PyPI,PYSEC-2018-66,Medium,,,False,,,['app.py'],1.0,5.0,4,10,5.0,3.0,51.0,Medium
flask,Flask==2.2.5,2.2.5,direct,,PyPI,PYSEC-2019-179,Medium,,,False,,,['app.py'],1.0,5.0,4,10,5.0,3.0,51.0,Medium
flask,Flask==2.2.5,2.2.5,direct,,PyPI,GHSA-68rp-wp8r-4726,Medium,,,False,,,['app.py'],1.0,5.0,4,10,5.0,3.0,51.0,Medium
flask,Flask==2.2.5,2.2.5,direct,,PyPI,GHSA-4grg-w6v8-c28g,Medium,,,False,,,['app.py'],1.0,5.0,4,10,5.0,3.0,51.0,Medium
flask,Flask==2.2.5,2.2.5,direct,,PyPI,GHSA-562c-5r94-xh97,Medium,,,False,,,['app.py'],1.0,5.0,4,10,5.0,3.0,51.0,Medium
flask,Flask==2.2.5,2.2.5,direct,,PyPI,GHSA-5wv5-4vpf-pj6m,Medium,,,False,,,['app.py'],1.0,5.0,4,10,5.0,3.0,51.0,Medium
flask,Flask==2.2.5,2.2.5,direct,,PyPI,PYSEC-2023-62,Medium,,,False,,,['app.py'],1.0,5.0,4,10,5.0,3.0,51.0,Medium
pyyaml,PyYAML==6.0,6.0,direct,,PyPI,GHSA-3pqx-4fqf-j49f,Medium,,,False,,,['auth.py'],1.0,5.0,4,10,5.0,3.0,51.0,Medium
pyyaml,PyYAML==6.0,6.0,direct,,PyPI,GHSA-6757-jp84-gxfx,Medium,,,False,,,['auth.py'],1.0,5.0,4,10,5.0,3.0,51.0,Medium
pyyaml,PyYAML==6.0,6.0,direct,,PyPI,GHSA-8q59-q68h-6hv4,Medium,,,False,,,['auth.py'],1.0,5.0,4,10,5.0,3.0,51.0,Medium
pyyaml,PyYAML==6.0,6.0,direct,,PyPI,GHSA-rprw-h62v-c2w7,Medium,,,False,,,['auth.py'],1.0,5.0,4,10,5.0,3.0,51.0,Medium
pyyaml,PyYAML==6.0,6.0,direct,,PyPI,PYSEC-2018-49,Medium,,,False,,,['auth.py'],1.0,5.0,4,10,5.0,3.0,51.0,Medium
pyyaml,PyYAML==6.0,6.0,direct,,PyPI,PYSEC-2020-176,Medium,,,False,,,['auth.py'],1.0,5.0,4,10,5.0,3.0,51.0,Medium
pyyaml,PyYAML==6.0,6.0,direct,,PyPI,PYSEC-2020-195,Medium,,,False,,,['auth.py'],1.0,5.0,4,10,5.0,3.0,51.0,Medium
pyyaml,PyYAML==6.0,6.0,direct,,PyPI,PYSEC-2020-96,Medium,,,False,,,['auth.py'],1.0,5.0,4,10,5.0,3.0,51.0,Medium
pyyaml,PyYAML==6.0,6.0,direct,,PyPI,PYSEC-2021-142,Medium,,,False,,,['auth.py'],1.0,5.0,4,10,5.0,3.0,51.0,Medium
jinja2,Jinja2==3.1.2,3.1.2,direct,,PyPI,GHSA-462w-v97r-4m45,Medium,,,False,,,['reports.py'],1.0,3.0,4,6,5.0,3.0,45.0,Medium
jinja2,Jinja2==3.1.2,3.1.2,direct,,PyPI,GHSA-8r7q-cvjq-x353,Medium,,,False,,,['reports.py'],1.0,3.0,4,6,5.0,3.0,45.0,Medium
jinja2,Jinja2==3.1.2,3.1.2,direct,,PyPI,GHSA-cpwx-vrp4-4pq7,Medium,,,False,,,['reports.py'],1.0,3.0,4,6,5.0,3.0,45.0,Medium
jinja2,Jinja2==3.1.2,3.1.2,direct,,PyPI,GHSA-fqh9-2qgg-h84h,Medium,,,False,,,['reports.py'],1.0,3.0,4,6,5.0,3.0,45.0,Medium
jinja2,Jinja2==3.1.2,3.1.2,direct,,PyPI,GHSA-g3rq-g295-4j3m,Medium,,,False,,,['reports.py'],1.0,3.0,4,6,5.0,3.0,45.0,Medium
jinja2,Jinja2==3.1.2,3.1.2,direct,,PyPI,GHSA-gmj6-6f8f-6699,Medium,,,False,,,['reports.py'],1.0,3.0,4,6,5.0,3.0,45.0,Medium
jinja2,Jinja2==3.1.2,3.1.2,direct,,PyPI,GHSA-h5c8-rqwp-cp95,Medium,,,False,,,['reports.py'],1.0,3.0,4,6,5.0,3.0,45.0,Medium
jinja2,Jinja2==3.1.2,3.1.2,direct,,PyPI,GHSA-h75v-3vvj-5mfj,Medium,,,False,,,['reports.py'],1.0,3.0,4,6,5.0,3.0,45.0,Medium
jinja2,Jinja2==3.1.2,3.1.2,direct,,PyPI,GHSA-hj2j-77xm-mc5v,Medium,,,False,,,['reports.py'],1.0,3.0,4,6,5.0,3.0,45.0,Medium
jinja2,Jinja2==3.1.2,3.1.2,direct,,PyPI,GHSA-q2x7-8rv6-6q7h,Medium,,,False,,,['reports.py'],1.0,3.0,4,6,5.0,3.0,45.0,Medium
jinja2,Jinja2==3.1.2,3.1.2,direct,,PyPI,PYSEC-2014-8,Medium,,,False,,,['reports.py'],1.0,3.0,4,6,5.0,3.0,45.0,Medium
jinja2,Jinja2==3.1.2,3.1.2,direct,,PyPI,PYSEC-2014-82,Medium,,,False,,,['reports.py'],1.0,3.0,4,6,5.0,3.0,45.0,Medium
jinja2,Jinja2==3.1.2,3.1.2,direct,,PyPI,PYSEC-2019-217,Medium,,,False,,,['reports.py'],1.0,3.0,4,6,5.0,3.0,45.0,Medium
jinja2,Jinja2==3.1.2,3.1.2,direct,,PyPI,PYSEC-2019-220,Medium,,,False,,,['reports.py'],1.0,3.0,4,6,5.0,3.0,45.0,Medium
jinja2,Jinja2==3.1.2,3.1.2,direct,,PyPI,PYSEC-2021-66,Medium,,,False,,,['reports.py'],1.0,3.0,4,6,5.0,3.0,45.0,Medium
gunicorn,gunicorn==21.2.0,21.2.0,direct,,PyPI,GHSA-32pc-xphx-q4f6,Medium,,,False,,,[],0.0,1.0,2,2,5.0,3.0,34.0,Low
gunicorn,gunicorn==21.2.0,21.2.0,direct,,PyPI,GHSA-hc5x-x2vx-497g,Medium,,,False,,,[],0.0,1.0,2,2,5.0,3.0,34.0,Low
gunicorn,gunicorn==21.2.0,21.2.0,direct,,PyPI,GHSA-w3h3-4rj7-4ph4,Medium,,,False,,,[],0.0,1.0,2,2,5.0,3.0,34.0,Low
gunicorn,gunicorn==21.2.0,21.2.0,direct,,PyPI,PYSEC-2018-55,Medium,,,False,,,[],0.0,1.0,2,2,5.0,3.0,34.0,Low
werkzeug,,2.2.3,transitive,flask,PyPI,GHSA-29vq-49wr-vm6x,Medium,,,False,,,[],0.0,1.0,1,2,5.0,3.0,31.5,Low
werkzeug,,2.2.3,transitive,flask,PyPI,GHSA-2g68-c3qc-8985,Medium,,,False,,,[],0.0,1.0,1,2,5.0,3.0,31.5,Low
werkzeug,,2.2.3,transitive,flask,PyPI,GHSA-3p3h-qghp-hvh2,Medium,,,False,,,[],0.0,1.0,1,2,5.0,3.0,31.5,Low
werkzeug,,2.2.3,transitive,flask,PyPI,GHSA-87hc-h4r5-73f7,Medium,,,False,,,[],0.0,1.0,1,2,5.0,3.0,31.5,Low
werkzeug,,2.2.3,transitive,flask,PyPI,GHSA-f9vj-2wh5-fj8j,Medium,,,False,,,[],0.0,1.0,1,2,5.0,3.0,31.5,Low
werkzeug,,2.2.3,transitive,flask,PyPI,GHSA-gq9m-qvpx-68hc,Medium,,,False,,,[],0.0,1.0,1,2,5.0,3.0,31.5,Low
werkzeug,,2.2.3,transitive,flask,PyPI,GHSA-h2fp-xgx6-xh6f,Medium,,,False,,,[],0.0,1.0,1,2,5.0,3.0,31.5,Low
werkzeug,,2.2.3,transitive,flask,PyPI,GHSA-hgf8-39gv-g3f2,Medium,,,False,,,[],0.0,1.0,1,2,5.0,3.0,31.5,Low
werkzeug,,2.2.3,transitive,flask,PyPI,GHSA-hrfv-mqp8-q5rw,Medium,,,False,,,[],0.0,1.0,1,2,5.0,3.0,31.5,Low
werkzeug,,2.2.3,transitive,flask,PyPI,GHSA-j544-7q9p-6xp8,Medium,,,False,,,[],0.0,1.0,1,2,5.0,3.0,31.5,Low
werkzeug,,2.2.3,transitive,flask,PyPI,GHSA-px8h-6qxv-m22q,Medium,,,False,,,[],0.0,1.0,1,2,5.0,3.0,31.5,Low
werkzeug,,2.2.3,transitive,flask,PyPI,GHSA-q34m-jh98-gwm2,Medium,,,False,,,[],0.0,1.0,1,2,5.0,3.0,31.5,Low
werkzeug,,2.2.3,transitive,flask,PyPI,GHSA-xg9f-g7g7-2323,Medium,,,False,,,[],0.0,1.0,1,2,5.0,3.0,31.5,Low
werkzeug,,2.2.3,transitive,flask,PyPI,PYSEC-2017-43,Medium,,,False,,,[],0.0,1.0,1,2,5.0,3.0,31.5,Low
werkzeug,,2.2.3,transitive,flask,PyPI,PYSEC-2019-140,Medium,,,False,,,[],0.0,1.0,1,2,5.0,3.0,31.5,Low
werkzeug,,2.2.3,transitive,flask,PyPI,PYSEC-2019-70,Medium,,,False,,,[],0.0,1.0,1,2,5.0,3.0,31.5,Low
werkzeug,,2.2.3,transitive,flask,PyPI,PYSEC-2020-157,Medium,,,False,,,[],0.0,1.0,1,2,5.0,3.0,31.5,Low
werkzeug,,2.2.3,transitive,flask,PyPI,PYSEC-2022-203,Medium,,,False,,,[],0.0,1.0,1,2,5.0,3.0,31.5,Low
werkzeug,,2.2.3,transitive,flask,PyPI,PYSEC-2023-221,Medium,,,False,,,[],0.0,1.0,1,2,5.0,3.0,31.5,Low
werkzeug,,2.2.3,transitive,flask,PyPI,PYSEC-2023-57,Medium,,,False,,,[],0.0,1.0,1,2,5.0,3.0,31.5,Low
werkzeug,,2.2.3,transitive,flask,PyPI,PYSEC-2023-58,Medium,,,False,,,[],0.0,1.0,1,2,5.0,3.0,31.5,Low
urllib3,,1.26.18,transitive,requests,PyPI,GHSA-2xpw-w6gg-jr37,Medium,,,False,,,[],0.0,1.0,1,2,5.0,3.0,31.5,Low
urllib3,,1.26.18,transitive,requests,PyPI,GHSA-34jh-p97f-mpxf,Medium,,,False,,,[],0.0,1.0,1,2,5.0,3.0,31.5,Low
urllib3,,1.26.18,transitive,requests,PyPI,GHSA-38jv-5279-wg99,Medium,,,False,,,[],0.0,1.0,1,2,5.0,3.0,31.5,Low
urllib3,,1.26.18,transitive,requests,PyPI,GHSA-48p4-8xcf-vxj5,Medium,,,False,,,[],0.0,1.0,1,2,5.0,3.0,31.5,Low
urllib3,,1.26.18,transitive,requests,PyPI,GHSA-5phf-pp7p-vc2r,Medium,,,False,,,[],0.0,1.0,1,2,5.0,3.0,31.5,Low
urllib3,,1.26.18,transitive,requests,PyPI,GHSA-g4mx-q9vg-27p4,Medium,,,False,,,[],0.0,1.0,1,2,5.0,3.0,31.5,Low
urllib3,,1.26.18,transitive,requests,PyPI,GHSA-gm62-xv2j-4w53,Medium,,,False,,,[],0.0,1.0,1,2,5.0,3.0,31.5,Low
urllib3,,1.26.18,transitive,requests,PyPI,GHSA-gwvm-45gx-3cf8,Medium,,,False,,,[],0.0,1.0,1,2,5.0,3.0,31.5,Low
urllib3,,1.26.18,transitive,requests,PyPI,GHSA-hmv2-79q8-fv6g,Medium,,,False,,,[],0.0,1.0,1,2,5.0,3.0,31.5,Low
urllib3,,1.26.18,transitive,requests,PyPI,GHSA-mh33-7rrq-662w,Medium,,,False,,,[],0.0,1.0,1,2,5.0,3.0,31.5,Low
urllib3,,1.26.18,transitive,requests,PyPI,GHSA-pq67-6m6q-mj2v,Medium,,,False,,,[],0.0,1.0,1,2,5.0,3.0,31.5,Low
urllib3,,1.26.18,transitive,requests,PyPI,GHSA-q2q7-5pp4-w6pg,Medium,,,False,,,[],0.0,1.0,1,2,5.0,3.0,31.5,Low
urllib3,,1.26.18,transitive,requests,PyPI,GHSA-r64q-w8jr-g9qp,Medium,,,False,,,[],0.0,1.0,1,2,5.0,3.0,31.5,Low
urllib3,,1.26.18,transitive,requests,PyPI,GHSA-v4w5-p2hg-8fh6,Medium,,,False,,,[],0.0,1.0,1,2,5.0,3.0,31.5,Low
urllib3,,1.26.18,transitive,requests,PyPI,GHSA-v845-jxx5-vc9f,Medium,,,False,,,[],0.0,1.0,1,2,5.0,3.0,31.5,Low
urllib3,,1.26.18,transitive,requests,PyPI,GHSA-wqvq-5m8c-6g24,Medium,,,False,,,[],0.0,1.0,1,2,5.0,3.0,31.5,Low
urllib3,,1.26.18,transitive,requests,PyPI,GHSA-www2-v7xj-xrc6,Medium,,,False,,,[],0.0,1.0,1,2,5.0,3.0,31.5,Low
urllib3,,1.26.18,transitive,requests,PyPI,PYSEC-2017-98,Medium,,,False,,,[],0.0,1.0,1,2,5.0,3.0,31.5,Low
urllib3,,1.26.18,transitive,requests,PyPI,PYSEC-2018-32,Medium,,,False,,,[],0.0,1.0,1,2,5.0,3.0,31.5,Low
urllib3,,1.26.18,transitive,requests,PyPI,PYSEC-2019-132,Medium,,,False,,,[],0.0,1.0,1,2,5.0,3.0,31.5,Low
urllib3,,1.26.18,transitive,requests,PyPI,PYSEC-2019-133,Medium,,,False,,,[],0.0,1.0,1,2,5.0,3.0,31.5,Low
urllib3,,1.26.18,transitive,requests,PyPI,PYSEC-2019-62,Medium,,,False,,,[],0.0,1.0,1,2,5.0,3.0,31.5,Low
urllib3,,1.26.18,transitive,requests,PyPI,PYSEC-2019-63,Medium,,,False,,,[],0.0,1.0,1,2,5.0,3.0,31.5,Low
urllib3,,1.26.18,transitive,requests,PyPI,PYSEC-2020-148,Medium,,,False,,,[],0.0,1.0,1,2,5.0,3.0,31.5,Low
urllib3,,1.26.18,transitive,requests,PyPI,PYSEC-2020-149,Medium,,,False,,,[],0.0,1.0,1,2,5.0,3.0,31.5,Low
urllib3,,1.26.18,transitive,requests,PyPI,PYSEC-2021-108,Medium,,,False,,,[],0.0,1.0,1,2,5.0,3.0,31.5,Low
urllib3,,1.26.18,transitive,requests,PyPI,PYSEC-2021-59,Medium,,,False,,,[],0.0,1.0,1,2,5.0,3.0,31.5,Low
urllib3,,1.26.18,transitive,requests,PyPI,PYSEC-2023-192,Medium,,,False,,,[],0.0,1.0,1,2,5.0,3.0,31.5,Low
urllib3,,1.26.18,transitive,requests,PyPI,PYSEC-2023-207,Medium,,,False,,,[],0.0,1.0,1,2,5.0,3.0,31.5,Low
urllib3,,1.26.18,transitive,requests,PyPI,PYSEC-2023-212,Medium,,,False,,,[],0.0,1.0,1,2,5.0,3.0,31.5,Low
certifi,,2024.2.2,transitive,requests,PyPI,GHSA-248v-346w-9cwc,Medium,,,False,,,[],0.0,1.0,1,2,5.0,3.0,31.5,Low
certifi,,2024.2.2,transitive,requests,PyPI,GHSA-43fp-rhv2-5gv8,Medium,,,False,,,[],0.0,1.0,1,2,5.0,3.0,31.5,Low
certifi,,2024.2.2,transitive,requests,PyPI,GHSA-xqr8-7jwr-rhp7,Medium,,,False,,,[],0.0,1.0,1,2,5.0,3.0,31.5,Low
certifi,,2024.2.2,transitive,requests,PyPI,PYSEC-2022-42986,Medium,,,False,,,[],0.0,1.0,1,2,5.0,3.0,31.5,Low
certifi,,2024.2.2,transitive,requests,PyPI,PYSEC-2023-135,Medium,,,False,,,[],0.0,1.0,1,2,5.0,3.0,31.5,Low
certifi,,2024.2.2,transitive,requests,PyPI,PYSEC-2024-230,Medium,,,False,,,[],0.0,1.0,1,2,5.0,3.0,31.5,Low
idna,,3.6,transitive,requests,PyPI,GHSA-jjg7-2v4v-x38h,Medium,,,False,,,[],0.0,1.0,1,2,5.0,3.0,31.5,Low
idna,,3.6,transitive,requests,PyPI,PYSEC-2024-60,Medium,,,False,,,[],0.0,1.0,1,2,5.0,3.0,31.5,Low
